date,link,text
2019-06-07 15:51,https://newyork.craigslist.org/mnh/egr/d/facade-building-envelope-architect/6906947466.html,Facade / Building Envelope Architect
2019-06-07 13:03,https://newyork.craigslist.org/brx/egr/d/bronx-asst-estimator-project-manager/6906787638.html,Asst. Estimator/Project Manager
2019-06-07 12:55,https://newyork.craigslist.org/que/egr/d/architectural-designer-drafts-person/6906780055.html,ARCHITECTURAL DESIGNER / DRAFTS PERSON
2019-06-07 11:46,https://newyork.craigslist.org/mnh/egr/d/new-york-city-architect/6906711811.html,Architect
2019-06-07 10:17,https://newyork.craigslist.org/brk/egr/d/brooklyn-architecture-intern/6906631517.html,Architecture Intern
2019-06-06 22:24,https://newyork.craigslist.org/mnh/egr/d/new-york-city-intermediate-architect/6906438076.html,INTERMEDIATE ARCHITECT / JOB CAPTAIN
2019-06-06 16:56,https://newyork.craigslist.org/brk/egr/d/brooklyn-construction-assistant-pm/6906239317.html,Construction Assistant PM / Superintendent
2019-06-06 15:54,https://newyork.craigslist.org/brk/egr/d/brooklyn-design-intern-at-european-home/6906187597.html,Design Intern at European Home Design Firm -summer/part time
2019-06-06 15:52,https://newyork.craigslist.org/que/egr/d/forest-hills-construction-inspector/6906185521.html,Construction Inspector (Water Main)
2019-06-06 14:56,https://newyork.craigslist.org/que/egr/d/long-island-city-architect-new-york-city/6906137025.html,ARCHITECT (New York City)
2019-06-06 11:44,https://newyork.craigslist.org/que/egr/d/flushing-construction-inspector-special/6905957964.html,Construction Inspector / Special Inspector
2019-06-06 11:26,https://newyork.craigslist.org/que/egr/d/flushing-architectural-designer/6905941781.html,Architectural Designer
2019-06-06 11:22,https://newyork.craigslist.org/que/egr/d/flushing-structural-engineer/6905938401.html,Structural Engineer
2019-06-06 08:02,https://newyork.craigslist.org/brk/egr/d/brooklyn-architectural-metal-drafter/6905806420.html,ARCHITECTURAL METAL DRAFTER
2019-06-06 00:10,https://newyork.craigslist.org/brk/egr/d/brooklyn-construction-project-manager/6905732984.html,Construction Project Manager
2019-06-05 21:18,https://newyork.craigslist.org/que/egr/d/flushing-architectural-draftsperson/6905662472.html,Architectural draftsperson needed
2019-06-05 17:29,https://newyork.craigslist.org/brk/egr/d/brooklyn-special-inspector-concrete/6905512959.html,Special Inspector (Concrete)
2019-06-05 17:02,https://newyork.craigslist.org/mnh/egr/d/facade-building-envelope-architect/6905492142.html,Facade / Building Envelope Architect
2019-06-05 16:12,https://newyork.craigslist.org/brk/egr/d/brooklyn-dot-dob-permit-expediter/6905449114.html,DOT/ DOB Permit expediter
2019-06-05 15:03,https://newyork.craigslist.org/mnh/egr/d/new-york-city-business-development/6905388166.html,Business Development Leader
2019-06-05 14:36,https://newyork.craigslist.org/mnh/egr/d/new-york-city-hotel-engineer-wanted/6905362794.html,Hotel Engineer wanted!
2019-06-05 12:43,https://newyork.craigslist.org/que/egr/d/brooklyn-manager-needed-for-small-busy/6905252616.html,Manager Needed for Small Busy Commercial Construction Firm
2019-06-05 11:39,https://newyork.craigslist.org/stn/egr/d/staten-island-maintenance-manger/6905189573.html,Maintenance Manger
2019-06-05 10:14,https://newyork.craigslist.org/mnh/egr/d/new-york-city-expediting-of-coordinator/6905114843.html,Expediting C of O coordinator
2019-06-05 10:11,https://newyork.craigslist.org/mnh/egr/d/brooklyn-goshow-architects-is-hiring/6905112638.html,GOSHOW ARCHITECTS IS HIRING: INTERN ARCHITECT I: ENTRY LEVEL JUNIOR
2019-06-05 08:36,https://newyork.craigslist.org/mnh/egr/d/new-york-city-construction-project/6905052640.html,Construction Project Manager
2019-06-04 22:56,https://newyork.craigslist.org/wch/egr/d/monsey-interior-designer/6904941107.html,Interior Designer
2019-06-04 17:23,https://newyork.craigslist.org/mnh/egr/d/brooklyn-maintenance-engineer/6904744665.html,Maintenance Engineer
2019-06-04 17:23,https://newyork.craigslist.org/mnh/egr/d/new-york-city-architectural-intern/6904744045.html,Architectural Intern
2019-06-04 15:04,https://newyork.craigslist.org/stn/egr/d/howard-beach-construction-project/6904625665.html,CONSTRUCTION PROJECT MANAGER/ ESTIMATOR
2019-06-04 14:03,https://newyork.craigslist.org/lgi/egr/d/syosset-construction-manager/6904566968.html,Construction Manager
2019-06-04 13:35,https://newyork.craigslist.org/mnh/egr/d/new-york-city-junior-interior-designer/6904539838.html,Junior Interior Designer
2019-06-04 13:07,https://newyork.craigslist.org/lgi/egr/d/bohemia-project-engineer/6904512644.html,Project Engineer
2019-06-04 12:00,https://newyork.craigslist.org/brk/egr/d/brooklyn-project-engineer-position/6904446770.html,Project Engineer position
2019-06-04 11:32,https://newyork.craigslist.org/mnh/egr/d/new-york-city-high-end-residential/6904421056.html,High-End Residential Architect
2019-06-04 11:19,https://newyork.craigslist.org/mnh/egr/d/new-york-city-class-1-or-2-expeditor/6904408398.html,Class 1 or 2 Expeditor
2019-06-03 16:39,https://newyork.craigslist.org/mnh/egr/d/new-york-city-intern-architectural/6903926550.html,Intern - Architectural / Construction Mngmnt
2019-06-03 15:23,https://newyork.craigslist.org/mnh/egr/d/new-york-city-junior-draftsman-needed/6903856259.html,Junior Draftsman needed for part time work
2019-06-03 15:19,https://newyork.craigslist.org/brk/egr/d/brooklyn-nyc-dob-class-1-or-2-filing/6903851766.html,NYC DOB Class 1 or 2 Filing Representative
2019-06-03 15:14,https://newyork.craigslist.org/brk/egr/d/brooklyn-intern-in-mep-engineering/6903847863.html,Intern in M.E.P. Engineering
2019-06-03 15:10,https://newyork.craigslist.org/fct/egr/d/norwalk-interior-architectural/6903844036.html,Interior Architectural Associate with Exceptional REVIT Experience
2019-06-03 14:26,https://newyork.craigslist.org/mnh/egr/d/new-york-city-junior-intermediate/6903802486.html,Junior/Intermediate Architect
2019-06-03 12:16,https://newyork.craigslist.org/que/egr/d/long-island-city-drafting-estimating/6903671511.html,Drafting/Estimating Internship
2019-06-03 10:42,https://newyork.craigslist.org/que/egr/d/richmond-hill-experienced-architect/6903579945.html,EXPERIENCED ARCHITECT/ DRAFTER
2019-06-03 09:29,https://newyork.craigslist.org/mnh/egr/d/new-york-city-residential-construction/6903521239.html,Residential Construction Project Manager - Townhouse/Luxury High End
2019-06-03 08:33,https://newyork.craigslist.org/brk/egr/d/brooklyn-estimator-drywall-ceilings/6903488812.html,ESTIMATOR - DRYWALL & CEILINGS
2019-06-03 02:07,https://newyork.craigslist.org/mnh/egr/d/new-york-city-mechanical-designers/6903419164.html,Mechanical Designers
2019-06-02 10:29,https://newyork.craigslist.org/brk/egr/d/brooklyn-field-super-project-coord-admin/6902894506.html,"Field Super, Project Coord, & Admin"
2019-06-01 16:22,https://newyork.craigslist.org/que/egr/d/richmond-hill-experienced-architect/6902526504.html,EXPERIENCED ARCHITECT
2019-05-31 17:03,https://newyork.craigslist.org/mnh/egr/d/new-york-city-nyc-architecture-firm/6901818529.html,NYC Architecture Firm seeking AutoCad Draftsman
2019-05-31 16:49,https://newyork.craigslist.org/mnh/egr/d/new-york-city-healthcare-architect/6901806733.html,HealthCare Architect
2019-05-31 16:24,https://newyork.craigslist.org/brk/egr/d/architectural-metal-cost-estimator/6901785853.html,Architectural Metal Cost Estimator
2019-05-31 16:22,https://newyork.craigslist.org/mnh/egr/d/new-york-city-document-reviewer/6901783743.html,Document Reviewer
2019-05-31 16:05,https://newyork.craigslist.org/mnh/egr/d/new-york-city-architectural-designer/6901768477.html,Architectural Designer
2019-05-31 15:00,https://newyork.craigslist.org/mnh/egr/d/new-york-city-goshow-architects-seeks/6901708828.html,Goshow Architects seeks Project Managers to join our team in New York
2019-05-31 14:24,https://newyork.craigslist.org/mnh/egr/d/new-york-city-goshow-architects-seeks/6901674691.html,Goshow Architects seeks Project Architects to join our team in New Yor
2019-05-31 14:01,https://newyork.craigslist.org/mnh/egr/d/new-york-city-project-architect-1-to-5/6901652655.html,Project Architect - 1 to 5 yrs exp
2019-05-31 13:50,https://newyork.craigslist.org/lgi/egr/d/westbury-construction-inspector-civil/6901642531.html,Construction Inspector - Civil/Structural
2019-05-31 12:56,https://newyork.craigslist.org/fct/egr/d/norwalk-audocad-drafter/6901588238.html,AudoCad Drafter
2019-05-31 11:35,https://newyork.craigslist.org/mnh/egr/d/new-york-city-project-coordinator/6901507465.html,Project Coordinator / Intermediate Architect
2019-05-31 11:20,https://newyork.craigslist.org/mnh/egr/d/new-york-city-av-it-design-engineer/6901492989.html,AV/ IT Design Engineer
2019-05-31 10:32,https://newyork.craigslist.org/mnh/egr/d/mechanical-engineer/6901449454.html,Mechanical Engineer
2019-05-31 10:30,https://newyork.craigslist.org/mnh/egr/d/new-york-city-plumbing-fire-protection/6901448321.html,Plumbing/Fire Protection Engineer
2019-05-30 18:18,https://newyork.craigslist.org/brk/egr/d/brooklyn-pe-se-structural/6901095292.html,PE/SE (STRUCTURAL)
2019-05-30 18:12,https://newyork.craigslist.org/lgi/egr/d/albertson-survey-party-chief-instrument/6901091100.html,"Survey party Chief, Instrument Person, Rod Man"
2019-05-30 17:19,https://newyork.craigslist.org/brk/egr/d/brooklyn-junior-intermediate-interior/6901050672.html,Junior-Intermediate Interior Designer
2019-05-30 13:25,https://newyork.craigslist.org/que/egr/d/brooklyn-estimator/6900837589.html,Estimator
2019-05-30 13:07,https://newyork.craigslist.org/que/egr/d/astoria-project-manager/6900818835.html,PROJECT MANAGER
2019-05-30 11:36,https://newyork.craigslist.org/que/egr/d/junior-estimator-lic/6900728366.html,Junior Estimator (L.I.C)
2019-05-30 11:25,https://newyork.craigslist.org/mnh/egr/d/new-york-city-product-designer/6900716940.html,Product designer Industrial developer for fitness product
2019-05-30 08:18,https://newyork.craigslist.org/wch/egr/d/new-rochelle-cad-designer/6900582161.html,CAD Designer
2019-05-29 19:52,https://newyork.craigslist.org/mnh/egr/d/new-york-city-autocad-draftperson-and/6900366441.html,AutoCad Draftperson and Assistant Architect
2019-05-29 14:28,https://newyork.craigslist.org/mnh/egr/d/new-york-city-architectural-draftsperson/6900093325.html,Architectural Draftsperson
2019-05-29 13:58,https://newyork.craigslist.org/stn/egr/d/staten-island-construction-site-safety/6900062782.html,Construction Site Safety Manager
2019-05-29 11:33,https://newyork.craigslist.org/que/egr/d/astoria-environmental-field-technician/6899914583.html,Environmental Field Technician
2019-05-29 11:29,https://newyork.craigslist.org/que/egr/d/astoria-environmental-project-manager/6899911833.html,Environmental Project Manager - Mid Level
2019-05-29 11:25,https://newyork.craigslist.org/que/egr/d/astoria-environmental-project-manager/6899907780.html,Environmental Project Manager - Senior Level
2019-05-29 10:20,https://newyork.craigslist.org/brk/egr/d/brooklyn-drafter-wanted-greenpoint/6899847074.html,"Drafter wanted : Greenpoint, Brooklyn"
2019-05-28 21:41,https://newyork.craigslist.org/mnh/egr/d/new-york-city-junior-interior-designer/6899615177.html,Junior Interior Designer / Assistant
2019-05-28 21:31,https://newyork.craigslist.org/lgi/egr/d/westbury-construction-inspector-civil/6899609622.html,Construction Inspector - Civil/Structural
2019-05-28 18:27,https://newyork.craigslist.org/mnh/egr/d/cad-drafter-architectural-engineering/6899489556.html,Cad Drafter - Architectural/Engineering background
2019-05-28 13:57,https://newyork.craigslist.org/que/egr/d/new-york-city-construction-clerk/6899236427.html,Construction Clerk/Project Manager M/F
2019-05-28 12:32,https://newyork.craigslist.org/que/egr/d/college-point-jr-project-manager-misc/6899144966.html,JR project manager/Misc Steel draft person apprentice with experience
2019-05-28 12:13,https://newyork.craigslist.org/brk/egr/d/brooklyn-landscape-designer-2-3-years/6899125415.html,Landscape Designer (2-3 years Experience)
2019-05-28 12:11,https://newyork.craigslist.org/brk/egr/d/brooklyn-senior-landscape-designer/6899122263.html,Senior Landscape Designer/Architect
2019-05-28 11:36,https://newyork.craigslist.org/mnh/egr/d/intermediate-designer/6899085584.html,Intermediate Designer
2019-05-28 09:22,https://newyork.craigslist.org/wch/egr/d/new-rochelle-land-surveyor-assistant/6898965545.html,Land Surveyor Assistant/Helper ASAP
2019-05-27 18:30,https://newyork.craigslist.org/brk/egr/d/brooklyn-looking-for-architect-dob/6898679911.html,Looking for Architect / DOB Expert
2019-05-27 16:48,https://newyork.craigslist.org/que/egr/d/oakland-gardens-autocad-drafter/6898611855.html,Autocad Drafter
2019-05-27 11:13,https://newyork.craigslist.org/brk/egr/d/professional-wanted/6898337711.html,Professional wanted
2019-05-26 17:15,https://newyork.craigslist.org/que/egr/d/east-elmhurst-structural-engineer/6897968981.html,Structural Engineer/Architect/CAD Operator
2019-05-25 06:08,https://newyork.craigslist.org/mnh/egr/d/new-york-city-residential-interior/6896923471.html,Residential Interior Designer+Project Manager
2019-05-24 17:45,https://newyork.craigslist.org/brk/egr/d/brooklyn-architect-drafter/6896672663.html,Architect / Drafter
2019-05-24 16:47,https://newyork.craigslist.org/mnh/egr/d/drafting-millwork-technical-assistant/6896626098.html,Drafting / Millwork Technical Assistant for modern showroom/firm
2019-05-24 16:03,https://newyork.craigslist.org/mnh/egr/d/new-york-city-construction-health/6896588056.html,Construction Health & Safety Assistant
2019-05-24 14:09,https://newyork.craigslist.org/que/egr/d/construction-estimator-project-manager/6896480946.html,Construction Estimator/Project Manager
2019-05-24 14:08,https://newyork.craigslist.org/que/egr/d/cad-draftsman-estimator/6896480173.html,CAD Draftsman/Estimator
2019-05-24 11:36,https://newyork.craigslist.org/mnh/egr/d/new-york-city-experienced-nyc/6896326241.html,EXPERIENCED NYC DEPARTMENT OF BUILDINGS (DOB) FILING REPRESENTATIVE
2019-05-24 11:15,https://newyork.craigslist.org/brk/egr/d/architectural-intern-administrative/6896305677.html,Architectural Intern / Administrative assistant
2019-05-24 05:48,https://newyork.craigslist.org/mnh/egr/d/new-york-city-guaranteed-salary/6896139884.html,"Guaranteed $180,000 Salary"
2019-05-23 13:36,https://newyork.craigslist.org/que/egr/d/whitestone-architectural-field/6895672674.html,Architectural Field Representative
2019-05-23 13:01,https://newyork.craigslist.org/mnh/egr/d/dobbs-ferry-architectural-autocad/6895638626.html,architectural autoCAD draftsman
2019-05-23 12:08,https://newyork.craigslist.org/wch/egr/d/dobbs-ferry-quality-engineer-experience/6895586645.html,Quality Engineer - Experience in FDA
2019-05-23 12:01,https://newyork.craigslist.org/mnh/egr/d/new-york-city-project-architect/6895579525.html,Project Architect - Interiors
2019-05-23 11:23,https://newyork.craigslist.org/que/egr/d/west-babylon-construction-project/6895543137.html,Construction Project Manager
2019-05-23 09:30,https://newyork.craigslist.org/brk/egr/d/brooklyn-autocad-drafter-brooklyn-ny/6895449421.html,"AutoCAD Drafter (Brooklyn, NY)"
2019-05-22 23:29,https://newyork.craigslist.org/brk/egr/d/project-coordinator/6895315222.html,Project Coordinator
2019-05-22 23:20,https://newyork.craigslist.org/brk/egr/d/brooklyn-construction-engineer-project/6895312442.html,Construction Engineer / Project Manager
2019-05-22 17:31,https://newyork.craigslist.org/brk/egr/d/brooklyn-surveyor-cad-drafter/6895112546.html,Surveyor /Cad Drafter
2019-05-22 16:11,https://newyork.craigslist.org/mnh/egr/d/brooklyn-maintenance-engineer/6895045552.html,Maintenance Engineer
2019-05-22 11:01,https://newyork.craigslist.org/jsy/egr/d/hoboken-cad-revit-bim-specialist-trainer/6894743291.html,CAD / Revit BIM Specialist / Trainer
2019-05-21 19:17,https://newyork.craigslist.org/mnh/egr/d/bronx-bridge-inspection-team-leader/6894394069.html,Bridge Inspection - Team Leader
2019-05-21 19:10,https://newyork.craigslist.org/mnh/egr/d/bronx-bridge-inspection-assistant-team/6894388876.html,Bridge Inspection - Assistant Team Leader
2019-05-21 18:54,https://newyork.craigslist.org/brx/egr/d/bronx-bridge-inspection-assistant-team/6894378224.html,Bridge Inspection - Assistant Team Leader
2019-05-21 18:53,https://newyork.craigslist.org/brx/egr/d/bronx-bridge-inspection-team-leader/6894377141.html,Bridge Inspection - Team Leader
2019-05-21 10:40,https://newyork.craigslist.org/brk/egr/d/brooklyn-draftsperson-designer/6893914890.html,Draftsperson/Designer
2019-05-21 09:39,https://newyork.craigslist.org/mnh/egr/d/new-york-city-architectural-project/6893864683.html,Architectural Project Manager
2019-05-21 09:29,https://newyork.craigslist.org/mnh/egr/d/freelance-intermediate-architects-revit/6893856888.html,Freelance INTERMEDIATE Architects (REVIT)
2019-05-21 08:50,https://newyork.craigslist.org/wch/egr/d/beacon-survey-cad-technician/6893832599.html,Survey CAD Technician
2019-05-21 08:48,https://newyork.craigslist.org/wch/egr/d/beacon-survey-crew-chief/6893832026.html,Survey Crew Chief
2019-05-21 08:46,https://newyork.craigslist.org/fct/egr/d/architect-junior-architect/6893831021.html,Architect / Junior Architect
2019-05-20 13:50,https://newyork.craigslist.org/mnh/egr/d/new-york-city-senior-architectural/6893287037.html,Senior Architectural Associate AZARK
2019-05-20 13:35,https://newyork.craigslist.org/mnh/egr/d/new-york-city-designer-revit/6893271003.html,Designer - Revit
2019-05-19 18:48,https://newyork.craigslist.org/que/egr/d/college-point-jr-project-manager-shop/6892761622.html,Jr Project Manager / Shop Drawing Producer experienced in misc steel
2019-05-17 22:51,https://newyork.craigslist.org/wch/egr/d/new-york-city-jr-architect/6891541562.html,JR ARCHITECT
2019-05-17 16:44,https://newyork.craigslist.org/mnh/egr/d/new-york-city-engineers-architects/6891311670.html,Engineers & Architects
2019-05-17 13:11,https://newyork.craigslist.org/brk/egr/d/brooklyn-full-time-plumbing-sprinkler/6891103239.html,FULL TIME PLUMBING/ SPRINKLER ENGINEER CAD/ REVIT BROOKLYN
2019-05-17 13:02,https://newyork.craigslist.org/que/egr/d/long-island-city-construction/6891093475.html,CONSTRUCTION SUPERINTENDENT
2019-05-17 11:56,https://newyork.craigslist.org/mnh/egr/d/new-york-city-intermediate-project/6891025962.html,INTERMEDIATE PROJECT ARCHITECT
2019-05-17 11:11,https://newyork.craigslist.org/mnh/egr/d/new-york-city-residential-construction/6890980753.html,Residential Construction Project Manager - Townhouse/Luxury High End
2019-05-17 11:11,https://newyork.craigslist.org/mnh/egr/d/new-york-city-hospitality-construction/6890980094.html,Hospitality Construction Project Manager - Hotel/Restaurants
2019-05-16 18:00,https://newyork.craigslist.org/que/egr/d/middle-village-project-manager-plumbing/6890580944.html,Project Manager- Plumbing
2019-05-16 15:34,https://newyork.craigslist.org/que/egr/d/college-point-jr-project-manager-misc/6890459444.html,JR project manager/Misc Steel draft person apprentice with experience
2019-05-16 14:01,https://newyork.craigslist.org/que/egr/d/mechanical-plumbing-electrical/6890370733.html,Mechanical/Plumbing/Electrical Engineers and Internship
2019-05-16 12:08,https://newyork.craigslist.org/mnh/egr/d/new-york-city-document-reviewer/6890259574.html,Document Reviewer
2019-05-16 12:06,https://newyork.craigslist.org/brk/egr/d/brooklyn-pro-aire-design-seeks-full/6890257157.html,Pro Aire Design seeks Full Time HVAC Estimator / Estimating Assistant
2019-05-16 11:52,https://newyork.craigslist.org/mnh/egr/d/new-york-city-healthcare-architect/6890243363.html,HealthCare Architect
2019-05-16 10:56,https://newyork.craigslist.org/que/egr/d/long-island-city-scenic-fabricator/6890191098.html,Scenic fabricator/Project Manager
2019-05-16 10:06,https://newyork.craigslist.org/lgi/egr/d/island-park-cnc-striker-programmer/6890149632.html,CNC (STRIKER) PROGRAMMER WANTED
2019-05-16 09:54,https://newyork.craigslist.org/jsy/egr/d/new-york-city-field-analyst/6890140436.html,Field Analyst
2019-05-15 22:34,https://newyork.craigslist.org/brk/egr/d/brooklyn-dob-licensed-superintendent/6889964692.html,DOB LICENSED SUPERINTENDENT 100k-120k year/MUST HAVE DOB LICENSE
2019-05-15 18:06,https://newyork.craigslist.org/mnh/egr/d/new-york-city-architectural/6889804436.html,Architectural Visualization Renderer
2019-05-15 16:47,https://newyork.craigslist.org/mnh/egr/d/new-york-city-junior-architect/6889738660.html,Junior Architect
2019-05-15 16:10,https://newyork.craigslist.org/mnh/egr/d/new-york-city-technical-architect/6889705765.html,Technical Architect - Designer
2019-05-15 16:08,https://newyork.craigslist.org/que/egr/d/bangor-class-cdl-truck-driver-yard/6889704122.html,Class A CDL truck driver/yard worker
2019-05-15 15:45,https://newyork.craigslist.org/mnh/egr/d/new-york-city-architect/6889683461.html,Architect
2019-05-15 11:58,https://newyork.craigslist.org/wch/egr/d/mount-vernon-auto-cad-construction/6889462520.html,AUTO CAD / CONSTRUCTION ESTIMATOR
2019-05-15 11:42,https://newyork.craigslist.org/mnh/egr/d/new-york-city-project-architect/6889447105.html,Project Architect
2019-05-15 11:28,https://newyork.craigslist.org/mnh/egr/d/new-york-city-junior-revit-architect-3/6889433757.html,Junior Revit Architect (3 yrs experience min. - local applicants only)
2019-05-15 09:55,https://newyork.craigslist.org/mnh/egr/d/new-york-city-draftsperson-or-junior/6889349938.html,Draftsperson or Junior Architect Wanted for Freelance Work
2019-05-15 09:36,https://newyork.craigslist.org/brk/egr/d/brooklyn-assistant-project-estimator/6889336192.html,Assistant Project Estimator for Architectural Metal & Glass
2019-05-15 09:33,https://newyork.craigslist.org/brk/egr/d/brooklyn-senior-project-estimator-for/6889333634.html,Senior Project Estimator for Architectural Metal & Glass
2019-05-15 08:45,https://newyork.craigslist.org/brk/egr/d/cad-drafter/6889304048.html,CAD DRAFTER
2019-05-15 06:50,https://newyork.craigslist.org/mnh/egr/d/new-york-city-junior-architect/6889263888.html,Junior Architect
2019-05-14 21:12,https://newyork.craigslist.org/mnh/egr/d/new-york-city-part-time-student-intern/6889130926.html,Part-time Student Intern in Architecture
2019-05-14 16:39,https://newyork.craigslist.org/brk/egr/d/brooklyn-junior-landscape-designer-2-3/6888936947.html,Junior Landscape Designer (2-3 years Experience)
2019-05-14 15:06,https://newyork.craigslist.org/mnh/egr/d/astoria-jr-estimator-role/6888851184.html,Jr Estimator role
2019-05-14 14:41,https://newyork.craigslist.org/mnh/egr/d/new-york-city-project-manager-high-rise/6888825991.html,Project Manager- High Rise Development/Residential
2019-05-14 13:20,https://newyork.craigslist.org/brk/egr/d/brooklyn-senior-landscape-designer/6888744577.html,Senior Landscape Designer/Architect
2019-05-14 12:01,https://newyork.craigslist.org/mnh/egr/d/new-york-city-architectural-designer/6888663392.html,Architectural Designer
2019-05-14 11:55,https://newyork.craigslist.org/mnh/egr/d/new-york-city-architectural-project/6888657150.html,Architectural Project Manager
2019-05-14 09:51,https://newyork.craigslist.org/mnh/egr/d/new-york-city-interior-designer/6888543538.html,Interior Designer - Residential
2019-05-13 21:42,https://newyork.craigslist.org/mnh/egr/d/new-york-city-mep-engineer-partner/6888333544.html,MEP Engineer - Partner Potential
2019-05-13 21:10,https://newyork.craigslist.org/brk/egr/d/brooklyn-architectural-summer-intern/6888316084.html,Architectural summer Intern  - revit
2019-05-13 18:26,https://newyork.craigslist.org/lgi/egr/d/bohemia-senior-electrical-engineer/6888204477.html,Senior Electrical Engineer
2019-05-13 17:02,https://newyork.craigslist.org/mnh/egr/d/draftsperson-detailer/6888136024.html,Draftsperson Detailer
2019-05-13 16:14,https://newyork.craigslist.org/mnh/egr/d/new-york-city-healthcare-architect/6888092085.html,HealthCare Architect
2019-05-13 12:46,https://newyork.craigslist.org/mnh/egr/d/new-york-city-architectural-summer/6887880324.html,Architectural summer Intern
2019-05-13 11:28,https://newyork.craigslist.org/brk/egr/d/long-island-city-steel-detailer-position/6887798083.html,STEEL DETAILER POSITION
2019-05-13 10:33,https://newyork.craigslist.org/mnh/egr/d/new-york-city-architect/6887745012.html,Architect
2019-05-13 10:07,https://newyork.craigslist.org/mnh/egr/d/new-york-city-project-coordinator/6887721422.html,Project Coordinator / Intermediate Architect
2019-05-13 08:01,https://newyork.craigslist.org/que/egr/d/jamaica-hvac-drafter/6887646103.html,HVAC DRAFTER
2019-05-12 16:29,https://newyork.craigslist.org/que/egr/d/flushing-construction-inspector-special/6887359877.html,Construction Inspector / Special Inspector
2019-05-12 12:31,https://newyork.craigslist.org/mnh/egr/d/new-york-city-architect-project-manager/6887205060.html,Architect; project manager/job captain
2019-05-11 19:49,https://newyork.craigslist.org/que/egr/d/flushing-architectural-designer/6886918177.html,Architectural Designer
2019-05-11 19:28,https://newyork.craigslist.org/que/egr/d/flushing-structural-engineer/6886907326.html,Structural Engineer
2019-05-11 17:56,https://newyork.craigslist.org/wch/egr/d/white-plains-kitchen-designer/6886853036.html,KITCHEN DESIGNER
2019-05-11 17:29,https://newyork.craigslist.org/mnh/egr/d/new-york-city-construction-consultant/6886835317.html,Construction Consultant
2019-05-11 16:21,https://newyork.craigslist.org/que/egr/d/architectural-designer/6886786284.html,ARCHITECTURAL DESIGNER
2019-05-11 13:37,https://newyork.craigslist.org/mnh/egr/d/new-york-city-electrical-engineering/6886647633.html,Electrical Engineering - Modeling Distribution Systems
2019-05-10 17:54,https://newyork.craigslist.org/mnh/egr/d/facade-building-envelope-junior/6886128766.html,Facade / Building Envelope Junior Architect
2019-05-10 17:53,https://newyork.craigslist.org/mnh/egr/d/facade-building-envelope-structural/6886127685.html,Facade / Building Envelope Structural Engineer
2019-05-10 17:52,https://newyork.craigslist.org/mnh/egr/d/facade-building-envelope-architect/6886126657.html,Facade / Building Envelope Architect
2019-05-10 17:50,https://newyork.craigslist.org/mnh/egr/d/facade-building-envelope-e-project/6886125427.html,Facade / Building Envelope A/E Project Managers
2019-05-10 17:01,https://newyork.craigslist.org/mnh/egr/d/new-york-city-project-structural-civil/6886085651.html,Project Structural/Civil Engineer
2019-05-10 16:28,https://newyork.craigslist.org/mnh/egr/d/new-york-city-cad-bim-modeler/6886057140.html,CAD//BIM Modeler
2019-05-10 15:58,https://newyork.craigslist.org/mnh/egr/d/new-york-city-electrical-estimator/6886030650.html,Electrical Estimator
2019-05-10 15:17,https://newyork.craigslist.org/que/egr/d/maspeth-hvac-drafter/6885993684.html,HVAC Drafter
2019-05-10 15:15,https://newyork.craigslist.org/que/egr/d/hvac-service-technician/6885991672.html,HVAC Service Technician
2019-05-10 14:27,https://newyork.craigslist.org/que/egr/d/brooklyn-entry-level-and-experienced/6885945124.html,Entry-Level and Experienced Steel Detailers
2019-05-10 13:35,https://newyork.craigslist.org/mnh/egr/d/new-york-city-mechanical-engineer/6885893094.html,Mechanical Engineer
2019-05-10 13:15,https://newyork.craigslist.org/mnh/egr/d/new-york-city-bim-drafter/6885872899.html,BIM / Drafter
2019-05-10 13:00,https://newyork.craigslist.org/mnh/egr/d/new-york-city-senior-project-architect/6885857229.html,Senior Project Architect
2019-05-09 20:03,https://newyork.craigslist.org/mnh/egr/d/new-york-city-designer-modern-closets/6885435374.html,Designer â€“ Modern Closets and Storage Systems
2019-05-09 17:25,https://newyork.craigslist.org/mnh/egr/d/new-york-city-architect-with-2-to-12/6885324194.html,Architect with 2 to 12 years Experience
2019-05-09 16:56,https://newyork.craigslist.org/mnh/egr/d/new-york-city-lighting-project-manager/6885300223.html,Lighting Project Manager
2019-05-09 16:19,https://newyork.craigslist.org/mnh/egr/d/new-york-city-construction-project/6885267873.html,Construction Project Manager
2019-05-09 10:42,https://newyork.craigslist.org/mnh/egr/d/new-york-city-sr-account-manager/6884951148.html,Sr. Account Manager-Furniture Design
